{
  "project_info": {
    "project_number": "1091901927082",
    "project_id": "keuanganapp-d7b2e",
    "storage_bucket": "keuanganapp-d7b2e.appspot.com"
  },
  "client": [
    {
      "client_info": {
        "mobilesdk_app_id": "1:1091901927082:android:ae0dc17190c80699b02ad3",
        "android_client_info": {
          "package_name": "com.example.aplikasi_keuangan"
        }
      },
      "oauth_client": [],
      "api_key": [
        {
          "current_key": "AIzaSyAPr4zew1RC9pTiLFj-A55nieZe7eNJNwE"
        }
      ],
      "services": {
        "appinvite_service": {
          "other_platform_oauth_client": []
        }
      }
    },
    {
      "client_info": {
        "mobilesdk_app_id": "1:1091901927082:android:de93e03a37265ee3b02ad3",
        "android_client_info": {
          "package_name": "com.example.keuangan_app"
        }
      },
      "oauth_client": [],
      "api_key": [
        {
          "current_key": "AIzaSyAPr4zew1RC9pTiLFj-A55nieZe7eNJNwE"
        }
      ],
      "services": {
        "appinvite_service": {
          "other_platform_oauth_client": []
        }
      }
    },
    {
      "client_info": {
        "mobilesdk_app_id": "1:1091901927082:android:283c4cea56465c2db02ad3",
        "android_client_info": {
          "package_name": "com.example.keuanganapp"
        }
      },
      "oauth_client": [],
      "api_key": [
        {
          "current_key": "AIzaSyAPr4zew1RC9pTiLFj-A55nieZe7eNJNwE"
        }
      ],
      "services": {
        "appinvite_service": {
          "other_platform_oauth_client": []
        }
      }
    },
    {
      "client_info": {
        "mobilesdk_app_id": "1:1091901927082:android:19d31c5f401d3b5fb02ad3",
        "android_client_info": {
          "package_name": "com.example.lapor_book"
        }
      },
      "oauth_client": [],
      "api_key": [
        {
          "current_key": "AIzaSyAPr4zew1RC9pTiLFj-A55nieZe7eNJNwE"
        }
      ],
      "services": {
        "appinvite_service": {
          "other_platform_oauth_client": []
        }
      }
    }
  ],
  "configuration_version": "1"
}